City_ID,City,Lat,Lng,Max Temp,Humidity,Cloudiness,Wind Speed,Country,Date
0,shiqian,27.5225,108.2281,279.86,90,100,1.52,CN,1702329601
1,shakawe,-18.3667,21.85,296.58,62,39,2.56,BW,1702329601
2,margaret river,-33.95,115.0667,287.73,74,0,3.95,AU,1702329360
3,chonchi,-42.6128,-73.8092,286.71,94,100,2.02,CL,1702329414
4,blackmans bay,-43.0167,147.3167,287.22,89,21,0.45,AU,1702329603
5,talnakh,69.4865,88.3972,246.5,98,100,4.74,RU,1702329604
6,enoch,37.7733,-113.0244,287.12,20,0,4.12,US,1702329604
7,bethel,41.3712,-73.414,278.45,66,100,5.14,US,1702329605
8,yellowknife,62.456,-114.3525,249.44,77,75,1.03,CA,1702329309
9,udachny,66.4167,112.4,248.26,96,100,4.31,RU,1702329606
10,iqaluit,63.7506,-68.5145,258.0,72,100,4.12,CA,1702329606
11,bubaque,11.2833,-15.8333,301.17,64,0,6.19,GW,1702329500
12,sebastopol,44.6,33.5333,282.69,85,76,1.34,UA,1702329340
13,afaahiti,-17.75,-149.2833,301.08,78,94,10.32,PF,1702329607
14,pangody,65.85,74.4859,246.71,90,100,5.6,RU,1702329607
15,solleftea,63.1667,17.2667,269.07,98,100,0.95,SE,1702329608
16,portland,45.5234,-122.6762,285.27,93,100,2.06,US,1702329562
17,adamstown,-25.066,-130.1015,294.75,60,1,2.16,PN,1702329608
18,klyuchi,52.2667,79.1667,249.12,87,21,6.18,RU,1702329609
19,aasiaat,68.7098,-52.8699,271.91,76,100,5.03,GL,1702329609
20,sur,22.5667,59.5289,296.79,62,37,2.57,OM,1702329609
21,zhanaozen,43.3,52.8,264.22,89,76,9.83,KZ,1702329610
22,tuy hoa,13.0833,109.3,296.11,91,42,1.87,VN,1702329610
23,karaton,-6.3424,106.1045,296.28,91,81,2.02,ID,1702329611
24,edinburgh of the seven seas,-37.0676,-12.3116,286.67,89,100,9.45,SH,1702329611
25,fale old settlement,-9.3852,-171.2468,301.93,77,100,10.01,TK,1702329611
26,invercargill,-46.4,168.35,282.54,67,69,8.5,NZ,1702329611
27,odda,60.0691,6.5457,275.25,86,22,2.82,NO,1702329612
28,padang,-0.9492,100.3543,300.18,89,98,1.08,ID,1702329612
29,port-aux-francais,-49.35,70.2167,278.81,97,98,9.47,TF,1702329612
30,lebu,-37.6167,-73.65,288.69,70,100,3.54,CL,1702329612
31,kanker,20.2719,81.4931,288.74,82,6,1.52,IN,1702329613
32,flying fish cove,-10.4217,105.6791,296.97,88,40,2.57,CX,1702329613
33,cambria,35.5641,-121.0808,295.49,41,53,2.44,US,1702329613
34,albany,42.6001,-73.9662,276.13,74,11,4.92,US,1702329407
35,lata,40.1629,-8.3327,290.27,90,100,2.08,PT,1702329614
36,karachi,24.9056,67.0822,290.05,82,57,2.57,PK,1702329614
37,vila franca do campo,37.7167,-25.4333,287.38,82,100,2.44,PT,1702329615
38,santa ana,33.7456,-117.8678,299.74,38,40,2.57,US,1702329576
39,arno,60.1167,18.6333,271.36,85,100,5.48,SE,1702329615
40,richards bay,-28.783,32.0377,292.95,95,98,2.61,ZA,1702329615
41,constantia,44.1833,28.65,276.53,81,15,3.82,RO,1702329616
42,letpandan,17.7833,95.75,295.69,89,2,2.44,MM,1702329616
43,tiksi,71.6872,128.8694,250.76,100,100,4.1,RU,1702329616
44,mpika,-11.8343,31.4529,291.22,89,80,0.32,ZM,1702329617
45,island harbour,50.724,-1.2758,285.33,93,10,1.34,GB,1702329617
46,champerico,14.3,-91.9167,302.87,65,3,2.73,GT,1702329618
47,hasaki,35.7333,140.8333,284.42,92,100,6.48,JP,1702329618
48,callao,-12.0667,-77.15,295.31,68,75,6.17,PE,1702329584
49,ibiza,38.9088,1.433,289.71,88,0,3.6,ES,1702329618
50,putian,25.4394,119.0103,292.15,89,87,3.08,CN,1702329545
51,pimentel,-6.8367,-79.9342,298.31,61,40,8.75,PE,1702329619
52,grytviken,-54.2811,-36.5092,276.31,75,39,5.78,GS,1702329619
53,ulanhot,46.0833,122.0833,252.64,85,14,0.91,CN,1702329620
54,madang,-5.2246,145.7966,298.53,92,100,1.57,PG,1702329620
55,mil'kovo,55.6078,37.7956,266.67,92,100,6.77,RU,1702329620
56,dudinka,69.4058,86.1778,248.53,98,100,6.26,RU,1702329621
57,port moresby,-9.4431,147.1797,297.83,94,20,2.57,PG,1702329621
58,i-n-salah,27.1935,2.4607,289.89,33,0,5.45,DZ,1702329621
59,badger,64.8,-147.5333,265.08,86,100,0.0,US,1702329622
60,machakos,-1.5167,37.2667,290.12,97,100,1.08,KE,1702329623
61,port mathurin,-19.6833,63.4167,299.18,76,91,3.12,MU,1702329623
62,college,64.8569,-147.8028,265.12,82,100,0.0,US,1702329480
63,kununurra,-15.7667,128.7333,301.14,83,100,0.0,AU,1702329624
64,fortuna,40.5982,-124.1573,290.33,80,0,0.89,US,1702329624
65,embrun,44.5639,6.4953,279.41,100,100,0.85,FR,1702329440
66,atafu village,-8.5421,-172.5159,301.6,80,100,11.29,TK,1702329624
67,qaqortoq,60.7167,-46.0333,271.44,96,100,5.77,GL,1702329625
68,gaiman,-43.2897,-65.4929,295.02,32,13,5.32,AR,1702329625
69,ushuaia,-54.8,-68.3,283.96,43,0,1.54,AR,1702329626
70,puerto natales,-51.7236,-72.4875,285.4,47,75,8.75,CL,1702329626
71,dalcahue,-42.3628,-73.7022,286.21,82,100,3.09,CL,1702329626
72,bilibino,68.0546,166.4372,253.49,94,100,1.58,RU,1702329627
73,nemuro,43.3236,145.575,274.14,74,100,3.87,JP,1702329627
74,alofi,-19.0595,-169.9187,299.09,83,88,3.6,NU,1702329628
75,olonkinbyen,70.9221,-8.7187,272.86,99,100,5.06,SJ,1702329629
76,saint-pierre,-21.3393,55.4781,297.97,73,0,5.66,RE,1702329505
77,namie,37.4833,141.0,283.55,93,100,1.71,JP,1702329629
78,keflavik,64.0049,-22.5624,272.39,80,40,4.12,IS,1702329630
79,braganca,-1.0536,-46.7656,300.12,76,35,2.8,BR,1702329537
80,paciran,-6.8767,112.3761,298.89,80,100,4.18,ID,1702329353
81,puerto aysen,-45.4,-72.7,285.61,79,96,2.57,CL,1702329631
82,waitangi,-43.9535,-176.5597,286.94,91,100,3.13,NZ,1702329631
83,mount pearl,47.5166,-52.7813,285.44,95,75,8.75,CA,1702329631
84,acajutla,13.5928,-89.8275,305.03,52,34,1.08,SV,1702329467
85,prince rupert,54.3161,-130.3201,278.2,79,0,8.23,CA,1702329632
86,west island,-12.1568,96.8225,298.14,83,40,3.09,CC,1702329632
87,bel ombre,-4.6167,55.4167,299.06,94,75,2.06,SC,1702329633
88,hermanus,-34.4187,19.2345,290.51,85,50,3.02,ZA,1702329633
89,whitehorse,60.7161,-135.0538,273.58,74,75,12.35,CA,1702329633
90,thompson,55.7435,-97.8558,262.24,73,100,9.77,CA,1702329633
91,hengchun,22.0042,120.7439,298.1,83,29,2.06,TW,1702329634
92,katoya,23.65,88.1333,289.19,45,0,2.91,IN,1702329634
93,khorixas,-20.3667,14.9667,294.77,39,13,3.98,NA,1702329635
94,roma,43.2128,-75.4557,274.24,83,100,6.69,US,1702329464
95,sola,-13.8833,167.55,299.45,63,100,7.53,VU,1702329635
96,hawaiian paradise park,19.5933,-154.9731,298.17,96,100,0.45,US,1702329635
97,jamestown,42.097,-79.2353,273.46,78,100,5.14,US,1702329413
98,remire-montjoly,4.9167,-52.2667,302.17,79,40,3.09,GF,1702329636
99,zhumysker,49.3333,49.4,260.61,69,81,8.92,KZ,1702329636
100,kone,-21.0595,164.8658,298.8,59,71,1.66,NC,1702329636
101,tsiombe,-25.3,45.4833,297.35,93,76,1.32,MG,1702329637
102,avarua,-21.2078,-159.775,299.18,83,100,10.8,CK,1702329637
103,dunedin,-45.8742,170.5036,284.71,57,96,3.58,NZ,1702329637
104,buka,40.8108,69.1986,268.73,95,100,4.01,UZ,1702329637
105,beledweyne,4.7358,45.2036,300.45,62,80,5.54,SO,1702329638
106,ribeira grande,38.5167,-28.7,287.47,77,40,2.57,PT,1702329638
107,qusmuryn,52.4503,64.6311,242.99,96,12,4.22,KZ,1702329638
108,lihue,21.9789,-159.3672,300.73,79,20,4.12,US,1702329639
109,noumea,-22.2763,166.4572,299.82,99,95,5.46,NC,1702329537
110,minas de marcona,-15.2119,-75.1103,292.72,66,8,7.07,PE,1702329639
111,stanley,54.868,-1.6985,274.13,97,20,1.03,GB,1702329640
112,aykhal,66.0,111.5,246.66,99,100,2.14,RU,1702329640
113,kingston,17.997,-76.7936,302.68,64,20,9.77,JM,1702329640
114,soderhamn,61.3037,17.0592,270.9,88,100,4.22,SE,1702329640
115,corinto,37.9407,22.9573,282.53,80,2,2.18,GR,1702329641
116,queenstown,-31.8976,26.8753,289.93,74,61,1.0,ZA,1702329641
117,rampur,28.8167,79.0333,285.49,38,0,1.59,IN,1702329641
118,kupang,-10.1667,123.5833,299.47,100,75,0.51,ID,1702329641
119,zheleznogorsk-ilimskiy,56.5768,104.1217,237.24,100,58,0.89,RU,1702329642
120,kyzyl-suu,42.3414,78.0056,269.83,65,62,4.04,KG,1702329642
121,port sudan,19.6175,37.2164,300.33,74,98,3.49,SD,1702329353
122,aioun,16.6614,-9.6149,296.56,13,0,4.87,MR,1702329642
123,daru,-9.0763,143.2092,298.21,91,56,3.39,PG,1702329642
124,punta arenas,-53.15,-70.9167,286.21,41,75,10.8,CL,1702329643
125,darovskoy,58.77,47.9564,256.77,80,100,6.04,RU,1702329643
126,prineville,44.2999,-120.8345,285.94,75,100,1.34,US,1702329539
127,wau,7.7029,27.9953,301.42,27,69,1.08,SS,1702329643
128,taoudenni,22.6783,-3.9836,294.13,17,42,5.35,ML,1702329643
129,kas,36.2018,29.6377,287.61,78,69,1.35,TR,1702329643
130,cidreira,-30.1811,-50.2056,295.22,79,3,6.52,BR,1702329644
131,anadyr,64.75,177.4833,246.48,75,25,4.0,RU,1702329644
132,kenai,60.5544,-151.2583,272.2,100,100,5.14,US,1702329644
133,zaki biam,7.5167,9.6167,297.8,22,3,2.68,NG,1702329644
134,olinda,-8.0089,-34.8553,301.0,69,40,3.6,BR,1702329644
135,kill devil hills,36.0307,-75.676,282.15,62,75,3.6,US,1702329468
136,masterton,-40.9597,175.6575,288.64,48,9,3.7,NZ,1702329645
137,pacific grove,36.6177,-121.9166,291.16,57,0,3.58,US,1702329437
138,papatowai,-46.5619,169.4708,282.5,68,48,8.77,NZ,1702329645
139,oranjemund,-28.55,16.4333,289.49,92,1,6.0,NA,1702329645
140,bredasdorp,-34.5322,20.0403,291.09,69,20,2.51,ZA,1702329645
141,kristiansund,63.1115,7.732,270.51,80,0,1.54,NO,1702329645
142,codrington,-38.2667,141.9667,291.81,90,100,4.89,AU,1702329645
143,gasa,31.5,34.4667,290.93,63,0,2.2,PS,1702329646
144,kimbe,-5.5502,150.1429,298.34,93,93,1.24,PG,1702329646
145,la'ie,21.6477,-157.9253,301.13,77,18,2.68,US,1702329646
146,juan griego,11.0817,-63.9655,300.5,78,94,5.86,VE,1702329514
147,bedele,8.456,36.353,287.16,68,13,1.35,ET,1702329646
148,beli,7.8587,10.9719,297.55,25,91,0.86,NG,1702329647
149,chivhu,-19.0211,30.8922,291.53,91,93,1.66,ZW,1702329647
150,smithers,54.7804,-127.1743,269.33,86,100,2.06,CA,1702329370
151,wailua homesteads,22.0669,-159.378,300.39,84,20,4.12,US,1702329647
152,georgetown,5.4112,100.3354,299.23,94,20,0.0,MY,1702328990
153,hamilton,39.1834,-84.5333,278.7,62,20,4.12,US,1702329647
154,tazovsky,67.4667,78.7,248.02,95,100,4.03,RU,1702329647
155,malango,-2.9627,119.9001,292.83,96,86,1.17,ID,1702329647
156,komotini,41.1228,25.3964,279.9,85,13,0.63,GR,1702329648
157,broken hill,-31.95,141.4333,296.52,49,42,3.52,AU,1702329648
158,port lincoln,-34.7333,135.8667,290.32,78,89,2.98,AU,1702329648
159,hilo,19.7297,-155.09,298.29,96,100,2.68,US,1702329641
160,noeux-les-mines,50.4801,2.6657,283.23,93,12,3.19,FR,1702329648
161,awjilah,29.1081,21.2869,289.58,65,56,6.32,LY,1702329648
162,beloyarskiy,63.7119,66.6722,247.49,88,100,3.35,RU,1702329648
163,chervona sloboda,49.3789,32.1464,275.57,99,100,5.1,UA,1702329649
164,charkhi dadri,28.6,76.2667,287.64,34,0,1.82,IN,1702329649
165,vilyuchinsk,52.9306,158.4028,263.67,85,11,3.46,RU,1702329644
166,ancud,-41.8697,-73.8203,285.71,92,100,4.89,CL,1702329649
167,hohhot,40.8106,111.6522,268.31,93,20,1.0,CN,1702329649
168,coahuayana de hidalgo,18.7,-103.6583,304.19,47,68,0.68,MX,1702329649
169,hartsville,34.374,-80.0734,284.76,55,0,5.14,US,1702329649
170,al burayqah,30.4062,19.5739,292.41,64,32,9.63,LY,1702329650
171,vuktyl,63.8567,57.3094,252.44,84,100,6.86,RU,1702329650
172,quellon,-43.1167,-73.6167,284.32,92,100,2.29,CL,1702329650
173,saipan,15.1355,145.701,300.54,83,20,5.66,MP,1702329358
174,utrik,11.2278,169.8474,300.29,72,18,9.48,MH,1702329642
175,northam,51.0333,-4.2167,285.74,95,47,6.59,GB,1702329651
176,aiud,46.3,23.7167,274.96,85,90,1.51,RO,1702329651
177,new norfolk,-42.7826,147.0587,287.87,61,91,0.94,AU,1702329651
178,nova sintra,14.8667,-24.7167,296.34,66,35,7.55,CV,1702329652
179,posto fiscal rolim de moura,-13.0833,-62.2667,301.59,73,99,0.73,BR,1702329653
180,fort st. john,56.2499,-120.8529,270.09,63,75,6.17,CA,1702329521
181,nyrob,60.733,56.7202,247.17,88,100,4.03,RU,1702329653
182,selfoss,63.9331,-20.9971,269.68,91,63,2.46,IS,1702329654
183,haimen,23.1935,116.6142,292.09,85,1,1.88,CN,1702329452
184,kodiak,57.79,-152.4072,272.88,64,20,3.6,US,1702329657
185,east london,-33.0153,27.9116,292.95,85,68,2.2,ZA,1702329657
186,zuru,11.4241,5.2288,295.54,20,0,5.55,NG,1702329658
187,hami,42.8,93.45,271.0,51,100,2.6,CN,1702329658
188,orapa,-21.2833,25.3667,299.43,51,15,2.41,BW,1702329658
189,guerrero negro,27.9769,-114.0611,296.05,29,58,2.77,MX,1702329658
190,san antonio,29.4241,-98.4936,292.96,27,20,5.14,US,1702329530
191,mimizan,44.2006,-1.2289,288.97,83,100,2.2,FR,1702329659
192,kamyanyets,52.4001,23.81,275.52,99,100,5.51,BY,1702329660
193,bulgan,48.8125,103.5347,248.27,99,83,0.6,MN,1702329660
194,fauske,67.2588,15.3918,268.17,79,6,3.24,NO,1702329660
195,kayangel,8.0823,134.7173,301.58,75,35,6.17,PW,1702329661
196,ilulissat,69.2167,-51.1,275.16,64,100,7.72,GL,1702329662
197,puerto ayora,-0.7393,-90.3518,301.13,79,74,3.73,EC,1702329663
198,matozinhos,-19.5578,-44.0814,296.65,88,75,5.66,BR,1702329663
199,port alfred,-33.5906,26.891,291.03,94,5,1.37,ZA,1702329637
200,wellington,-41.2866,174.7756,291.79,62,8,5.66,NZ,1702329367
201,san pedro pochutla,15.7333,-96.4667,303.99,49,99,3.44,MX,1702329665
202,makoko,6.4959,3.3919,301.33,89,20,2.06,NG,1702329665
203,karungdong,5.8844,121.263,299.67,85,1,2.54,PH,1702329665
204,vila velha,-20.3297,-40.2925,301.12,84,20,6.17,BR,1702329666
205,grootfontein,-19.5667,18.1167,296.91,25,66,2.06,NA,1702329666
206,amga,60.8953,131.9608,243.97,95,100,2.67,RU,1702329668
207,malvan,16.0667,73.4667,298.25,69,44,3.88,IN,1702329669
208,korla,41.7597,86.1469,270.51,58,86,2.08,CN,1702329670
209,haiku-pauwela,20.9219,-156.3051,303.16,61,20,7.2,US,1702329671
210,barnesville,33.0546,-84.1557,285.9,30,0,4.12,US,1702329672
211,columbus,39.9612,-82.9988,276.19,68,100,3.09,US,1702329251
212,luderitz,-26.6481,15.1594,292.33,58,0,9.39,NA,1702329673
213,ust-nera,64.5667,143.2,253.77,98,100,3.37,RU,1702329673
214,camana,-16.6228,-72.7111,295.03,76,80,3.47,PE,1702329673
215,hammerfest,70.6634,23.6821,271.4,93,75,5.14,NO,1702329673
216,santa cruz,-17.8,-63.1667,306.18,52,40,4.12,BO,1702329674
217,aleksandrovsk-sakhalinskiy,50.8975,142.1561,255.69,78,100,2.86,RU,1702329674
218,geraldton,-28.7667,114.6,295.38,28,0,4.12,AU,1702329560
219,lionel town,17.8101,-77.2406,303.09,76,98,5.38,JM,1702329675
220,san ignacio,17.1561,-89.0714,298.23,83,40,0.0,BZ,1702329676
221,salinas,36.6777,-121.6555,292.99,45,0,2.57,US,1702329482
222,puerto madryn,-42.7692,-65.0385,293.47,46,43,8.28,AR,1702329676
223,parabel',58.6978,81.4825,242.54,95,80,2.24,RU,1702329676
224,san patricio,28.017,-97.5169,294.07,30,100,4.14,US,1702329677
225,cabo san lucas,22.8909,-109.9124,302.38,62,0,4.12,MX,1702329395
226,crane,31.3974,-102.3501,290.11,14,10,1.74,US,1702329677
227,kerikeri,-35.2268,173.9474,291.99,72,38,0.89,NZ,1702329645
228,rongelap,11.1635,166.8941,300.83,76,67,8.92,MH,1702329678
229,kinablangan,7.6947,126.5503,298.67,85,80,2.03,PH,1702329678
230,katsuura,35.1333,140.3,291.25,87,100,9.91,JP,1702329679
231,namibe,-15.1961,12.1522,295.69,69,47,2.64,AO,1702329667
232,longyearbyen,78.2186,15.6401,267.06,68,75,5.14,SJ,1702329680
233,howard springs,-12.497,131.047,299.1,89,100,1.3,AU,1702329680
234,sao joao da barra,-21.6403,-41.0511,298.2,90,100,4.13,BR,1702329681
235,kawm umbu,24.4767,32.9463,292.76,26,50,4.79,EG,1702329682
236,kapa'a,22.0752,-159.319,301.14,84,20,4.12,US,1702329682
237,sochi,43.6,39.7303,284.2,71,100,2.87,RU,1702329462
238,vernon,50.2581,-119.2691,277.38,90,65,0.89,CA,1702329671
239,quatre cocos,-20.2078,57.7625,298.21,73,67,5.13,MU,1702329683
240,yeppoon,-23.1333,150.7333,297.03,77,100,8.49,AU,1702329433
241,ghat,24.9647,10.1728,286.42,35,0,1.83,LY,1702329684
242,al hazm,16.1641,44.7769,288.79,27,11,0.59,YE,1702329685
243,keelung,25.1283,121.7419,295.14,93,100,6.0,TW,1702329685
244,mount gambier,-37.8333,140.7667,292.19,78,55,3.69,AU,1702329636
245,livramento do brumado,-13.6431,-41.8406,305.11,24,97,4.84,BR,1702329686
246,wynyard,-41.0,145.7167,289.69,80,100,2.74,AU,1702329686
247,howrah,22.5892,88.3103,290.15,82,0,2.06,IN,1702329686
248,balikpapan,-1.2675,116.8289,298.7,94,40,2.57,ID,1702329687
249,omaruru,-21.4333,15.9333,297.09,30,28,2.93,NA,1702329687
250,zhaotong,27.3167,103.7167,280.44,86,100,1.96,CN,1702329687
251,pampierstad,-27.7832,24.6877,291.89,65,4,3.62,ZA,1702329688
252,kurikka,62.6167,22.4167,265.39,96,100,1.93,FI,1702329688
253,tan-tan,28.438,-11.1032,294.81,25,33,3.56,MA,1702329689
254,san antonio de pale,-1.4014,5.6325,298.5,86,100,3.03,GQ,1702329689
255,goz beida,13.95,20.55,293.25,22,86,4.61,TD,1702329689
256,den burg,53.0542,4.7972,281.46,82,20,4.63,NL,1702329690
257,naze,28.3667,129.4833,293.66,86,94,5.41,JP,1702329413
258,ta`u,-14.2336,-169.5144,299.41,90,86,8.9,AS,1702329690
259,estevan,49.1334,-102.9842,269.38,68,0,9.26,CA,1702329584
260,kurchatov,51.6601,35.6521,271.16,96,100,4.66,RU,1702329691
261,san lucas ojitlan,18.0667,-96.3833,293.67,74,99,1.67,MX,1702329691
262,pariaman,-0.619,100.12,300.18,87,100,1.22,ID,1702329691
263,bayramaly,37.6185,62.1671,273.01,47,66,3.96,TM,1702329691
264,bam,29.106,58.357,287.36,22,100,1.36,IR,1702329692
265,sainte-anne-des-monts,49.124,-66.4924,273.08,93,100,2.06,CA,1702329692
266,superior,46.7208,-92.1041,270.35,84,100,8.23,US,1702329515
267,praia da vitoria,38.7333,-27.0667,287.29,82,20,5.68,PT,1702329692
268,gryazovets,58.88,40.2525,264.92,90,100,6.56,RU,1702329693
269,wagar,16.1525,36.2032,300.96,30,99,4.0,SD,1702329693
270,urengoy,65.9667,78.3667,247.34,90,100,3.8,RU,1702329693
271,mwene-ditu,-7.0,23.45,291.51,96,73,0.61,CD,1702329693
272,enewetak,11.3474,162.3373,300.87,79,14,9.15,MH,1702329678
273,nizhniy lomov,53.5304,43.6766,262.89,89,100,9.81,RU,1702329694
274,carnarvon,-24.8667,113.6333,297.01,48,0,2.92,AU,1702329694
275,naka,36.05,140.1667,284.27,99,100,0.61,JP,1702329694
276,palikir - national government center,6.9248,158.1611,301.56,79,100,2.57,FM,1702329695
277,paita,-5.0892,-81.1144,295.94,76,10,7.49,PE,1702329695
278,hadibu,12.65,54.0333,297.73,68,50,4.52,YE,1702329695
279,kouroussa,10.65,-9.8833,297.52,19,97,1.39,GN,1702329696
280,cheremushki,52.8356,91.3944,244.81,99,85,0.79,RU,1702329696
281,itoman,26.1247,127.6694,295.36,94,75,8.23,JP,1702329697
282,karratha,-20.7377,116.8463,297.51,50,0,3.02,AU,1702329697
283,chefchaouene,35.1688,-5.2636,284.91,53,100,1.54,MA,1702329697
284,mount isa,-20.7333,139.5,298.02,36,0,6.17,AU,1702329698
285,port elizabeth,-33.918,25.5701,290.98,91,0,1.54,ZA,1702329698
286,yemva,62.59,50.8594,257.56,93,100,5.8,RU,1702329698
287,sitka,57.0531,-135.33,280.09,76,100,5.66,US,1702329698
288,mermoz boabab,14.7065,-17.4758,298.46,83,0,1.03,SN,1702329699
289,colonia,50.9333,6.95,283.64,81,20,4.12,DE,1702329677
290,saint-philippe,-21.3585,55.7679,297.92,82,61,4.79,RE,1702329700
291,chibougamau,49.9168,-74.3659,263.94,86,100,2.57,CA,1702329700
292,olyokminsk,60.3736,120.4264,245.62,95,100,2.14,RU,1702329700
293,port blair,11.6667,92.75,300.13,81,45,3.32,IN,1702329700
294,tondano,1.3038,124.9112,293.2,94,66,0.94,ID,1702329701
295,chake chake,-5.2459,39.7666,298.97,84,99,2.3,TZ,1702329701
296,vanimo,-2.6741,141.3028,299.13,89,98,2.67,PG,1702329701
297,susuman,62.7833,148.1667,251.47,96,100,2.24,RU,1702329701
298,la sarre,48.8002,-79.1996,263.25,80,100,2.95,CA,1702329701
299,papao,-17.75,-149.55,301.97,79,94,11.26,PF,1702329702
300,coquimbo,-29.9533,-71.3436,291.0,72,40,6.17,CL,1702329702
301,sheldon,43.1811,-95.8561,280.43,47,0,5.66,US,1702329415
302,awka,6.2101,7.0741,299.33,35,0,0.33,NG,1702329702
303,thief river falls,48.1191,-96.1812,268.68,93,20,6.69,US,1702329702
304,dalandzadgad,43.5708,104.425,266.85,53,71,1.34,MN,1702329702
305,margate,51.3813,1.3862,280.76,90,1,0.45,GB,1702329703
306,diego de almagro,-26.3667,-70.05,302.84,15,4,5.14,CL,1702329703
307,gilmer,32.7287,-94.9424,290.25,19,0,2.06,US,1702329703
308,nar'yan-mar,67.6713,53.087,258.21,92,100,8.94,RU,1702329703
309,armidale,-30.5167,151.65,293.74,46,0,2.03,AU,1702329703
310,kapuskasing,49.4169,-82.4331,264.2,79,100,4.63,CA,1702329690
311,cururupu,-1.8283,-44.8683,300.14,71,100,2.38,BR,1702329704
312,ronda,36.7423,-5.1671,289.34,37,100,0.97,ES,1702329704
313,kendari,-3.945,122.4989,297.89,93,99,0.77,ID,1702329704
314,jackson,42.4165,-122.8345,285.73,84,75,1.54,US,1702329705
315,richfield,44.8833,-93.283,273.98,80,75,6.17,US,1702329482
316,hithadhoo,-0.6,73.0833,301.02,76,44,2.0,MV,1702329705
317,malabar,-33.9667,151.25,298.57,78,75,3.6,AU,1702329705
318,bonthe,7.5264,-12.505,300.07,80,6,2.42,SL,1702329705
319,revda,56.801,59.9303,240.79,97,92,1.56,RU,1702329705
320,zarzis,33.504,11.1122,290.87,44,6,3.69,TN,1702329706
321,turaif,31.6725,38.6637,287.29,72,75,6.17,SA,1702329706
322,kharp,66.8014,65.8081,248.54,96,100,1.59,RU,1702329706
323,laguna,38.421,-121.4238,290.38,54,0,1.54,US,1702329706
324,sinabang,2.4803,96.3801,299.03,81,97,0.98,ID,1702329502
325,san gil,6.5557,-73.1331,301.1,57,22,2.02,CO,1702329706
326,freetown,8.484,-13.2299,300.99,78,40,4.63,SL,1702329706
327,comodoro rivadavia,-45.8667,-67.5,298.07,19,0,9.77,AR,1702329707
328,isafjordur,66.0755,-23.124,268.52,84,95,0.19,IS,1702329620
329,calingasta,-31.3308,-69.4078,307.6,3,0,10.75,AR,1702329707
330,tebesbest,33.1167,6.0833,285.22,62,0,1.54,DZ,1702329707
331,salihli,38.4826,28.1477,283.53,82,34,0.93,TR,1702329707
332,mejit,10.2753,170.8646,300.3,68,13,8.36,MH,1702329678
333,iskateley,67.6803,53.1512,258.16,92,100,8.94,RU,1702329707
334,fisterra,42.9049,-9.2629,290.79,95,100,10.78,ES,1702329708
335,elko,41.0002,-115.5012,280.46,42,11,0.45,US,1702329708
336,opuwo,-18.0607,13.84,297.51,28,58,3.94,NA,1702329688
337,arendal,58.4615,8.7725,274.04,86,96,6.44,NO,1702329708
338,akrehamn,59.2667,5.1833,277.27,80,0,2.57,NO,1702329708
339,hays,30.0502,-98.0336,291.62,30,1,2.68,US,1702329708
340,kanel,15.4916,-13.1763,298.15,41,0,0.0,SN,1702329708
341,yarmouth,41.7057,-70.2286,280.91,77,20,11.62,US,1702329708
342,santiago de cao,-7.9589,-79.2392,295.22,78,39,4.63,PE,1702329709
343,dongola,19.1667,30.4833,293.53,20,14,5.1,SD,1702329709
344,yuzhno-kurilsk,44.0306,145.8556,273.91,76,100,2.82,RU,1702329709
345,cabedelo,-6.9811,-34.8339,300.52,73,2,5.69,BR,1702329709
346,obo,5.3998,26.4869,300.26,49,85,1.28,CF,1702329709
347,tecklenburg,52.2167,7.8333,279.83,87,20,3.09,DE,1702329709
348,hastings,50.8552,0.5729,284.14,93,3,3.85,GB,1702329610
349,sergeyevka,53.88,67.4158,242.95,96,6,3.16,KZ,1702329710
350,caleta olivia,-46.4393,-67.5281,294.28,31,72,6.27,AR,1702329710
351,talcahuano,-36.7167,-73.1167,289.97,63,40,5.66,CL,1702329436
352,bali,-8.5,115.0,299.69,86,89,1.59,ID,1702329710
353,thunder bay,48.4001,-89.3168,271.14,69,100,5.66,CA,1702329647
354,paphos,34.7667,32.4167,286.03,88,20,3.6,CY,1702329441
355,bodo,67.28,14.405,268.17,70,0,10.8,NO,1702329710
356,salalah,17.0151,54.0924,296.2,27,0,2.57,OM,1702329710
357,marinette,45.1,-87.6307,269.42,80,100,5.14,US,1702329711
358,milicz,51.5277,17.2714,280.4,91,100,8.24,PL,1702329711
359,usinsk,65.9939,57.5281,252.63,89,100,11.62,RU,1702329695
360,cill airne,52.05,-9.5167,281.08,95,100,2.44,IE,1702329711
361,cetinje,42.3906,18.9142,277.12,95,0,0.51,ME,1702329711
362,grand-lahou,5.1367,-5.0242,300.1,82,18,3.88,CI,1702329711
363,bignay uno,13.8628,121.4894,297.71,91,60,3.4,PH,1702329711
364,douglas,41.3,-96.167,284.11,42,0,4.12,US,1702329712
365,lompoc,34.6391,-120.4579,298.71,55,0,7.2,US,1702329522
366,chilca,-12.5211,-76.7372,293.8,80,32,3.85,PE,1702329712
367,kopaganj,26.0233,83.5658,287.52,37,0,1.93,IN,1702329712
368,zaozersk,69.4005,32.4476,258.77,91,35,6.97,RU,1702329712
369,ramban,33.25,75.25,282.93,31,86,2.46,IN,1702329559
370,longgang,37.6508,120.3286,273.57,76,100,10.57,CN,1702329712
371,gereshk,31.8209,64.5701,282.83,34,4,0.06,AF,1702329712
372,birecik,37.0294,37.9903,285.71,93,95,2.98,TR,1702329712
373,okhotsk,59.3833,143.3,264.15,90,100,2.25,RU,1702329713
374,kirovsk,48.6375,38.6428,273.78,94,100,7.59,UA,1702329713
375,pierre,44.3683,-100.351,280.66,61,40,9.77,US,1702329713
376,mizan teferi,6.9833,35.5833,290.87,81,3,1.25,ET,1702329713
377,bom jesus,-9.0744,-44.3586,304.12,42,94,3.32,BR,1702329713
378,lenzkirch,47.8683,8.2021,281.02,90,100,0.45,DE,1702329713
379,solwezi,-12.1688,26.3894,290.33,96,98,0.86,ZM,1702329713
380,anshan,41.1236,122.99,259.84,58,12,4.26,CN,1702329714
381,rabo de peixe,37.8,-25.5833,286.88,82,40,2.57,PT,1702329714
382,pisco,-13.7,-76.2167,296.18,73,0,8.75,PE,1702329714
383,samana,19.2056,-69.3369,303.13,84,20,3.09,DO,1702329714
384,port macquarie,-31.4333,152.9167,296.98,77,7,1.29,AU,1702329714
385,mbandaka,0.0487,18.2603,296.21,94,100,0.9,CD,1702329714
386,dryden,49.7833,-92.7503,266.31,93,100,6.69,CA,1702329714
387,antofagasta,-23.65,-70.4,293.75,67,100,3.96,CL,1702329715
388,pingliang,35.5392,106.6861,271.93,59,0,1.46,CN,1702329715
389,morehead city,34.7229,-76.726,283.15,66,0,3.6,US,1702329529
390,kruisfontein,-34.0033,24.7314,289.75,89,1,2.66,ZA,1702329715
391,grand falls-windsor,48.9332,-55.6649,286.76,87,100,3.58,CA,1702329715
392,timimoun,29.2639,0.231,287.36,33,0,2.06,DZ,1702329715
393,kyren,51.6828,102.1408,248.68,91,34,0.45,RU,1702329715
394,arteche,12.2645,125.4048,298.6,90,85,2.6,PH,1702329715
395,puerto lempira,15.2667,-83.7667,300.01,85,31,4.33,HN,1702329716
396,ust'-kut,56.7938,105.7672,238.82,100,76,0.52,RU,1702329716
397,biltine,14.5333,20.9167,293.56,21,23,4.09,TD,1702329716
398,trincomalee,8.5711,81.2335,299.94,80,99,7.09,LK,1702329716
399,wajir,1.7471,40.0573,301.91,52,100,4.19,KE,1702329716
400,potsdam,52.3989,13.0657,282.09,96,99,2.68,DE,1702329716
401,alaghsas,17.0187,8.0168,292.48,34,0,9.57,NE,1702329717
402,inhambane,-23.865,35.3833,298.87,92,100,2.25,MZ,1702329717
403,palmer,42.1584,-72.3287,278.38,63,20,7.2,US,1702329717
404,siavonga,-16.5382,28.7088,300.32,71,98,1.27,ZM,1702329717
405,taitung city,22.7583,121.1444,297.21,78,59,1.3,TW,1702329717
406,lobujya,27.95,86.8167,256.87,64,41,0.95,NP,1702329717
407,lerwick,60.1545,-1.1494,278.15,72,100,3.83,GB,1702329441
408,banfora,10.6333,-4.7667,299.04,13,0,1.58,BF,1702329717
409,lycksele,64.5954,18.6735,266.08,93,100,0.0,SE,1702329718
410,inda silase,14.1031,38.2829,290.32,43,100,1.83,ET,1702329718
411,la passe,45.5549,-0.8967,287.28,95,100,5.2,FR,1702329718
412,farsan,32.2569,50.561,271.17,26,45,1.12,IR,1702329718
413,fort mcmurray,56.7268,-111.381,263.92,62,0,3.6,CA,1702329718
414,bayanhongor,46.7167,100.1167,254.48,97,98,1.36,MN,1702329718
415,kargasok,59.0556,80.8572,244.24,93,86,3.13,RU,1702329719
416,kalabo,-14.97,22.6814,295.97,75,92,1.8,ZM,1702329719
417,quepos,9.4236,-84.1652,302.5,73,100,1.9,CR,1702329719
418,salekhard,66.53,66.6019,244.21,98,100,4.1,RU,1702329719
419,potosi,-19.5836,-65.7531,289.63,42,40,4.12,BO,1702329719
420,brzozow,49.695,22.0193,276.95,97,100,8.51,PL,1702329719
421,tuma,55.148,40.5537,265.29,93,100,6.68,RU,1702329720
422,touros,-5.1989,-35.4608,299.94,73,0,6.08,BR,1702329703
423,murray bridge,-35.1167,139.2667,293.77,81,82,3.0,AU,1702329720
424,renfrew,55.872,-4.3925,279.35,98,100,3.09,GB,1702329720
425,tabas,33.5959,56.9244,284.27,35,90,2.06,IR,1702329720
426,constitucion,-35.3333,-72.4167,290.06,68,70,7.66,CL,1702329720
427,chimbote,-9.0853,-78.5783,295.25,74,16,4.43,PE,1702329720
428,tutoia,-2.7619,-42.2744,300.61,77,87,5.54,BR,1702329667
429,savanna-la-mar,18.219,-78.1332,301.44,68,96,1.3,JM,1702329721
430,ambodifotatra,-16.9833,49.85,299.3,81,4,1.73,MG,1702329721
431,petropavlovsk-kamchatsky,53.0452,158.6483,262.85,87,40,7.6,RU,1702329648
432,progreso,21.2833,-89.6667,297.65,61,99,6.62,MX,1702329721
433,sunne,59.8376,13.143,272.38,92,99,3.1,SE,1702329432
434,narasannapeta,18.4167,84.05,293.4,72,2,2.14,IN,1702329721
435,menongue,-14.6585,17.691,293.69,72,100,3.85,AO,1702329721
436,taulaga,-11.0553,-171.0883,301.32,81,88,10.51,AS,1702329722
437,newman,37.3138,-121.0208,288.79,50,95,0.89,US,1702329722
438,lagos,6.5833,3.75,301.33,79,100,1.71,NG,1702329647
439,dolores,-36.3132,-57.6792,295.63,70,92,6.27,AR,1702329722
440,kasongo-lunda,-6.4667,16.8167,295.64,97,100,0.12,CD,1702329723
441,plettenberg bay,-34.0527,23.3716,288.95,85,0,2.95,ZA,1702329711
442,sabang,5.8933,95.3214,300.16,78,86,0.71,ID,1702329723
443,mulanje,-16.0316,35.5,299.8,60,57,3.48,MW,1702329723
444,yinchuan,38.4681,106.2731,272.42,32,0,1.2,CN,1702329530
445,tommot,58.9564,126.2925,244.26,93,100,3.88,RU,1702329724
446,molln,53.6333,10.6833,280.08,87,100,1.54,DE,1702329724
447,aki,33.5,133.9,286.12,94,96,1.01,JP,1702329724
448,tabou,4.423,-7.3528,299.58,82,10,2.56,CI,1702329725
449,kigali,-1.95,30.0588,294.86,78,40,1.54,RW,1702329725
450,bardai,11.65,7.2333,289.8,28,0,4.17,NG,1702329726
451,chernyshevsk,52.5243,117.0174,237.54,100,25,0.32,RU,1702329726
452,maquoketa,42.0689,-90.6657,278.34,55,4,3.31,US,1702329726
453,atar,20.5169,-13.0499,294.23,16,0,3.71,MR,1702329727
454,san agustin de valle fertil,-30.6335,-67.4682,304.9,30,0,10.24,AR,1702329727
455,neiafu,-18.65,-173.9833,301.53,57,20,4.63,TO,1702329727
456,strugi-krasnyye,58.2675,29.1114,269.11,95,100,3.64,RU,1702329727
457,yorkton,51.2167,-102.4677,268.06,63,100,15.95,CA,1702329557
458,deder,9.3167,41.45,286.34,42,8,0.44,ET,1702329728
459,tesistan,20.7833,-103.4833,289.72,61,91,2.85,MX,1702329728
460,znamenka,52.4167,41.4311,265.27,93,100,9.65,RU,1702329728
461,fada,9.5667,8.3,293.69,24,0,3.9,NG,1702329728
462,the pas,53.8251,-101.2541,265.16,62,100,11.32,CA,1702329729
463,djenne,13.9061,-4.5533,299.04,13,0,4.64,ML,1702329729
464,acarau,-2.8856,-40.12,300.43,75,30,7.65,BR,1702329729
465,kuruman,-27.4524,23.4325,292.76,41,7,4.82,ZA,1702329514
466,burang,30.25,81.1667,258.78,66,1,1.05,CN,1702329730
467,broome,42.2506,-75.833,274.61,88,100,4.63,US,1702329730
468,tateyama,34.9833,139.8667,285.43,89,100,9.98,JP,1702329730
469,puerto baquerizo moreno,-0.9,-89.6,300.7,74,75,4.63,EC,1702329730
470,dobryanka,58.4619,56.4165,241.49,94,88,2.23,RU,1702329730
471,ouesso,1.6136,16.0517,296.04,92,100,0.87,CG,1702329731
472,greenville,35.6127,-77.3663,281.55,65,100,2.06,US,1702329581
473,springbok,-29.6643,17.8865,288.84,38,0,2.32,ZA,1702329731
474,buulobarde,3.8538,45.5674,299.22,72,99,5.66,SO,1702329731
475,kresttsy,58.2452,32.5165,268.82,90,100,4.35,RU,1702329732
476,vera,-29.4593,-60.2126,303.23,38,0,4.57,AR,1702329732
477,qarqaraly,49.4058,75.4742,246.06,96,100,4.98,KZ,1702329440
478,banda aceh,5.5577,95.3222,298.78,85,82,1.27,ID,1702329664
479,talara,-4.5772,-81.2719,300.57,65,0,5.66,PE,1702329733
480,kanth,29.0667,78.6333,285.02,35,0,1.72,IN,1702329733
481,changling,44.2653,124.0005,253.07,90,11,2.4,CN,1702329733
482,torres,-29.3353,-49.7269,294.72,80,31,3.93,BR,1702329675
483,garachico,28.7781,-17.7646,292.86,52,0,1.54,ES,1702329733
484,nantucket,41.2835,-70.0995,280.38,70,0,5.14,US,1702329695
485,horta,38.5333,-28.6333,287.05,80,40,2.57,PT,1702329734
486,oppdal,62.5943,9.6912,264.09,86,79,4.09,NO,1702329734
487,marquette,46.5333,-87.6335,269.16,72,76,4.12,US,1702329735
488,nambour,-26.6333,152.95,299.18,77,75,0.89,AU,1702329735
489,tromso,69.6496,18.957,270.16,86,40,3.09,NO,1702329735
490,duba,27.3513,35.6901,295.38,77,98,0.83,SA,1702329736
491,piti village,13.4626,144.6933,300.64,85,20,3.6,GU,1702329736
492,natal,-5.795,-35.2094,300.51,74,20,4.63,BR,1702329736
493,kamaishi,39.2667,141.8833,279.63,92,100,3.95,JP,1702329736
494,cortez,37.3489,-108.5859,284.22,28,0,0.0,US,1702329737
495,sawakin,19.1059,37.3321,300.19,75,96,2.27,SD,1702329737
496,mahina,-17.5065,-149.489,302.02,70,20,2.57,PF,1702329737
497,isla vista,34.4133,-119.861,299.25,35,0,2.06,US,1702329737
498,omdurman,15.6445,32.4777,298.98,12,21,4.17,SD,1702329738
499,waingapu,-9.6567,120.2641,299.14,86,94,1.92,ID,1702329738
500,yuma,32.7253,-114.6244,295.31,12,75,3.6,US,1702329738
501,banjarmasin,-3.3244,114.591,299.23,94,100,1.06,ID,1702329739
502,canubing no 2,13.35,121.1333,298.54,90,98,2.54,PH,1702329739
503,tolanaro,-25.0319,46.9987,299.19,94,20,6.17,MG,1702329717
504,kavaratti,10.5669,72.642,301.38,75,92,2.77,IN,1702329739
505,vadso,70.0744,29.7487,263.24,85,20,5.66,NO,1702329740
506,sanctuary point,-35.1114,150.629,298.01,86,95,2.22,AU,1702329740
507,ardatov,55.2421,43.097,263.63,93,100,8.79,RU,1702329741
508,barentu,15.1139,37.5928,298.0,32,100,2.22,ER,1702329741
509,kudahuvadhoo,2.6708,72.8944,301.29,73,38,2.71,MV,1702329694
510,golfito,8.639,-83.166,302.36,80,100,2.15,CR,1702329742
511,pervomayskiy,53.2485,40.2871,266.07,93,100,9.22,RU,1702329742
512,tari,12.4086,4.4914,294.3,20,0,5.1,NG,1702329744
513,estes park,40.3772,-105.5217,279.17,55,92,1.79,US,1702329744
514,port hedland,-20.3167,118.5667,294.18,64,0,2.06,AU,1702329744
515,kongsberg,59.6652,9.6465,271.16,97,96,2.01,NO,1702329745
516,guaruja,-23.9931,-46.2564,295.87,26,100,1.03,BR,1702329745
517,novyy urengoy,66.0833,76.6333,247.95,87,100,5.11,RU,1702329745
518,strezhevoy,60.7333,77.5889,244.24,90,60,1.79,RU,1702329745
519,caraubas,-5.7925,-37.5567,302.25,55,97,7.33,BR,1702329746
520,as sulayyil,20.4607,45.5779,287.29,26,28,2.49,SA,1702329746
521,nadym,65.5333,72.5167,244.93,88,100,5.27,RU,1702329747
522,gorom-gorom,14.4439,-0.2361,296.6,17,0,4.88,BF,1702329747
523,igarka,67.4667,86.5833,249.29,99,100,3.62,RU,1702329715
524,saint-just-en-chaussee,49.505,2.4329,281.71,95,100,3.07,FR,1702329749
525,marat,25.0701,45.4615,290.7,24,11,4.2,SA,1702329749
526,illizi,26.4833,8.4667,286.04,36,0,2.83,DZ,1702329690
527,nova praha,48.5682,32.9027,275.19,100,100,3.61,UA,1702329750
528,port saint john's,-31.6229,29.5448,293.4,89,98,1.83,ZA,1702329750
529,bahia honda,22.9036,-83.1592,295.04,82,100,6.84,CU,1702329750
530,rehli,23.6333,79.0833,288.56,64,27,0.75,IN,1702329751
531,arraial do cabo,-22.9661,-42.0278,297.07,88,75,4.12,BR,1702329673
532,waspan,14.7419,-83.9717,299.55,91,57,2.91,NI,1702329739
533,brookings,44.3114,-96.7984,278.92,62,0,7.72,US,1702329544
534,yeed,4.55,43.0333,301.75,50,82,2.87,SO,1702329752
535,markovo,57.3206,107.0881,239.37,100,94,0.5,RU,1702329752
536,temiskaming shores,47.4938,-79.7153,265.04,63,91,2.98,CA,1702329753
537,lorengau,-2.0226,147.2712,300.98,85,97,5.06,PG,1702329706
538,sos'va,59.1766,61.8558,240.96,95,96,0.45,RU,1702329753
539,dauphin,51.1494,-100.0502,270.23,59,100,7.2,CA,1702329753
540,bundi,25.4417,75.6417,289.48,48,0,0.96,IN,1702329754
541,lianzhou,24.7811,112.3825,283.05,83,99,2.91,CN,1702329754
542,alice springs,-23.7,133.8833,285.9,71,0,0.51,AU,1702329754
543,emerald,-23.5333,148.1667,297.78,66,95,8.07,AU,1702329754
544,ad dilam,23.9915,47.1627,290.38,24,33,2.42,SA,1702329754
545,ambon,-3.6954,128.1814,299.23,89,40,2.06,ID,1702329739
546,kalamnuri,19.6667,77.3333,291.04,58,36,1.75,IN,1702329755
547,bazar-korgon,41.0376,72.7459,277.22,99,100,1.26,KG,1702329755
548,beyneu,45.3167,55.2,261.08,33,1,9.1,KZ,1702329755
549,'alaqahdari dishu,30.4374,63.313,286.74,31,21,2.53,AF,1702329755
550,vilhena,-12.7406,-60.1458,296.27,94,0,1.03,BR,1702329666
551,bairnsdale,-37.8333,147.6167,293.18,94,100,0.45,AU,1702329692
552,aldan,58.6031,125.3894,239.8,97,100,2.13,RU,1702329756
553,wetaskiwin,52.9668,-113.3687,270.38,71,100,1.92,CA,1702329756
554,yanchep,-31.55,115.6833,293.49,59,0,4.82,AU,1702329756
555,urucui,-7.2294,-44.5561,298.49,80,100,1.2,BR,1702329757
556,bengkulu,-3.8004,102.2655,296.78,94,99,1.52,ID,1702329748
557,cide,41.8921,33.0044,284.08,86,100,2.6,TR,1702329757
558,north battleford,52.7834,-108.2847,267.2,45,0,7.72,CA,1702329757
559,egilsstadir,65.2653,-14.3948,270.1,74,100,3.09,IS,1702329757
